Name,Team,G,PA,HR,R,RBI,SB,BB%,K%,ISO,BABIP,AVG,OBP,SLG,wOBA,xwOBA,wRC+,BsR,Off,Def,WAR
Ronald Acuña Jr.,ATL,159,735,41,149,106,73,10.90%,11.40%,0.258,0.338,0.337,0.416,0.596,0.428,0.463,170,7.6,71.7,-13.6,8.3
Mookie Betts,LAD,152,693,39,126,107,14,13.90%,15.40%,0.272,0.316,0.307,0.408,0.579,0.416,0.411,167,3.5,60.8,-1.6,8.3
Freddie Freeman,LAD,161,730,29,131,102,23,9.90%,16.60%,0.235,0.37,0.331,0.41,0.567,0.411,0.409,163,5.1,61.8,-7.5,7.9
Matt Olson,ATL,162,720,54,127,139,1,14.40%,23.20%,0.321,0.302,0.283,0.389,0.604,0.413,0.394,160,1.5,55.4,-12.6,6.7
Shohei Ohtani,LAA,135,599,44,102,95,20,15.20%,23.90%,0.35,0.342,0.304,0.412,0.654,0.433,0.428,180,3.4,60.6,-14.5,6.6
Marcus Semien,TEX,162,753,29,122,100,14,9.60%,14.60%,0.201,0.291,0.276,0.348,0.478,0.354,0.335,124,2.5,24.3,13.4,6.3
Corey Seager,TEX,119,536,33,88,96,2,9.10%,16.40%,0.296,0.34,0.327,0.39,0.623,0.419,0.413,169,-5.4,38.8,4.1,6.1
Francisco Lindor,NYM,160,687,31,108,98,31,9.60%,19.90%,0.216,0.277,0.254,0.336,0.47,0.346,0.345,121,7.7,25.9,11.1,6
Corbin Carroll,ARI,155,645,25,116,76,54,8.80%,19.40%,0.221,0.325,0.285,0.362,0.506,0.37,0.346,133,15.8,42.3,-4.2,6
Julio Rodríguez,SEA,155,714,32,102,103,37,6.60%,24.50%,0.209,0.33,0.275,0.333,0.485,0.347,0.346,126,7,29.4,5.1,5.9
Bobby Witt Jr.,KCR,158,694,30,97,96,49,5.80%,17.40%,0.218,0.295,0.276,0.319,0.495,0.343,0.373,115,7,19.3,14.7,5.7
Juan Soto,SDP,162,708,35,97,109,12,18.60%,18.20%,0.245,0.296,0.275,0.41,0.519,0.395,0.408,155,-4.3,44,-12.6,5.5
William Contreras,MIL,141,611,17,86,78,6,10.30%,20.60%,0.169,0.348,0.289,0.367,0.457,0.357,0.336,124,-3.4,15.1,17.9,5.4
Aaron Judge,NYY,106,458,37,79,75,3,19.20%,28.40%,0.346,0.3,0.267,0.406,0.613,0.42,0.468,174,1,41.9,-4,5.3
Austin Riley,ATL,159,715,37,117,97,3,8.30%,24.10%,0.234,0.324,0.281,0.345,0.516,0.363,0.366,127,2.1,25.9,2.2,5.2
José Ramírez,CLE,156,691,24,87,80,28,10.60%,10.60%,0.193,0.285,0.282,0.356,0.475,0.346,0.36,123,7,26,1.7,5.1
Adley Rutschman,BAL,154,687,20,84,80,1,13.40%,14.70%,0.158,0.303,0.277,0.374,0.435,0.352,0.373,127,-3,19.3,8.1,5.1
Luis Robert Jr.,CHW,145,595,38,90,80,20,5.00%,28.90%,0.278,0.314,0.264,0.315,0.542,0.358,0.35,128,2,22.2,7.6,5
Dansby Swanson,CHC,147,638,22,81,80,9,10.30%,24.10%,0.172,0.297,0.244,0.328,0.416,0.325,0.346,104,4.6,7.5,20.3,4.9
Kyle Tucker,HOU,157,674,29,97,112,30,11.90%,13.60%,0.233,0.289,0.284,0.369,0.517,0.372,0.387,140,6.8,38.9,-12.3,4.9
J.P. Crawford,SEA,145,638,19,94,65,2,14.70%,19.60%,0.172,0.314,0.266,0.38,0.438,0.359,0.339,134,1.6,27.7,-0.1,4.9
Adolis García,TEX,148,632,39,108,107,9,10.30%,27.70%,0.263,0.28,0.245,0.328,0.508,0.354,0.367,124,3.5,21.8,5.1,4.8
Yandy Díaz,TBR,137,600,22,95,78,0,10.80%,15.70%,0.192,0.367,0.33,0.41,0.522,0.402,0.381,164,-7,39.1,-12.1,4.7
Cal Raleigh,SEA,145,569,30,78,75,0,9.50%,27.80%,0.224,0.273,0.232,0.306,0.456,0.326,0.332,111,-0.8,7,20.7,4.7
Nico Hoerner,CHC,150,688,9,98,68,43,7.10%,12.10%,0.1,0.312,0.283,0.346,0.383,0.322,0.311,102,9.7,11.5,11.9,4.7
Gunnar Henderson,BAL,150,622,28,100,82,10,9.00%,25.60%,0.234,0.306,0.255,0.325,0.489,0.346,0.345,123,5.2,22.3,3.1,4.6
Wander Franco,TBR,112,491,17,65,58,30,8.60%,14.10%,0.195,0.297,0.281,0.344,0.475,0.349,0.361,127,0.1,16.2,12.8,4.6
Yordan Alvarez,HOU,114,496,31,77,97,0,13.90%,18.50%,0.29,0.306,0.293,0.407,0.583,0.415,0.44,170,-2.6,38.9,-10.7,4.5
Xander Bogaerts,SDP,155,665,19,83,58,19,8.40%,16.50%,0.154,0.319,0.285,0.35,0.44,0.343,0.317,120,-0.9,15.7,6,4.4
TJ Friedl,CIN,138,556,18,73,66,27,8.50%,16.20%,0.189,0.308,0.279,0.352,0.467,0.353,0.29,116,9.1,20.4,4.8,4.4
Will Smith,LAD,126,554,19,80,76,3,11.40%,16.10%,0.177,0.277,0.261,0.359,0.438,0.345,0.353,119,1.9,14.8,10.4,4.4
James Outman,LAD,151,567,23,86,70,16,12.00%,31.90%,0.188,0.343,0.248,0.353,0.437,0.344,0.326,118,5.7,18.6,6,4.4
Fernando Tatis Jr.,SDP,141,635,25,91,78,29,8.30%,22.20%,0.191,0.299,0.257,0.322,0.449,0.332,0.368,113,3.1,13.1,9.2,4.4
Ha-Seong Kim,SDP,152,626,17,84,60,38,12.00%,19.80%,0.138,0.306,0.26,0.351,0.398,0.33,0.312,112,5.1,14.1,8.4,4.4
Brandon Nimmo,NYM,152,682,24,89,68,3,10.90%,21.40%,0.193,0.324,0.274,0.363,0.466,0.359,0.355,130,-2.6,22.9,-2.5,4.3
Alex Bregman,HOU,161,724,25,103,98,3,12.70%,12.00%,0.178,0.27,0.262,0.363,0.441,0.351,0.349,125,-5.1,16.8,2.1,4.3
Isaac Paredes,TBR,143,571,31,71,98,1,10.20%,18.20%,0.238,0.257,0.25,0.352,0.488,0.362,0.314,137,-1,24.1,-0.2,4.3
Sean Murphy,ATL,108,438,21,65,68,0,11.20%,22.40%,0.227,0.286,0.251,0.365,0.478,0.366,0.395,129,-4.9,10.9,16.4,4.2
Ketel Marte,ARI,150,650,25,94,82,8,10.90%,16.80%,0.209,0.3,0.276,0.358,0.485,0.361,0.342,127,-3.2,18.4,1.7,4.2
Jonah Heim,TEX,131,501,18,61,95,2,8.00%,19.20%,0.179,0.289,0.258,0.317,0.438,0.324,0.326,103,0.5,2.4,22,4.1
Christian Yelich,MIL,144,632,19,106,76,28,12.30%,22.20%,0.169,0.342,0.278,0.37,0.447,0.353,0.358,122,7.5,24.6,-4.7,4.1
Cody Bellinger,CHC,130,556,26,95,97,20,7.20%,15.60%,0.218,0.319,0.307,0.356,0.525,0.37,0.331,134,2.7,26.3,-4.1,4.1
Ozzie Albies,ATL,148,660,33,96,109,13,7.00%,16.20%,0.233,0.289,0.28,0.336,0.513,0.358,0.342,124,4.4,24,-6,4
Jose Altuve,HOU,90,410,17,76,51,14,10.70%,17.30%,0.211,0.348,0.311,0.393,0.522,0.393,0.336,154,-0.7,26,0.4,4
Michael Harris II,ATL,138,539,18,76,57,20,4.60%,18.70%,0.184,0.334,0.293,0.331,0.477,0.345,0.355,115,3.9,13.8,7.7,4
Bryson Stott,PHI,151,640,15,78,62,31,6.10%,15.60%,0.138,0.312,0.28,0.329,0.419,0.323,0.309,101,5.3,6.2,11.2,3.9
Thairo Estrada,SFG,120,530,14,63,49,23,4.20%,22.60%,0.145,0.331,0.271,0.315,0.416,0.316,0.293,101,4.8,5.4,15.6,3.9
Bo Bichette,TOR,135,601,20,69,73,5,4.50%,19.10%,0.168,0.355,0.306,0.339,0.475,0.349,0.361,125,-1.7,16,2,3.8
Christian Walker,ARI,157,661,33,86,103,11,9.40%,19.20%,0.239,0.272,0.258,0.333,0.497,0.351,0.342,120,0.6,17.1,-1.2,3.8
Chas McCormick,HOU,115,457,22,59,70,19,8.80%,25.60%,0.216,0.331,0.273,0.353,0.489,0.362,0.345,133,1.7,19.7,3.2,3.8
Josh Lowe,TBR,135,501,20,71,83,32,6.20%,24.80%,0.208,0.357,0.292,0.335,0.5,0.354,0.342,131,7,25.6,-4.4,3.8
Trea Turner,PHI,155,691,26,102,76,30,6.50%,21.70%,0.192,0.31,0.266,0.32,0.459,0.333,0.33,108,7.3,14.1,0.5,3.8
Nolan Jones,COL,106,424,20,60,62,20,12.50%,29.70%,0.245,0.401,0.297,0.389,0.542,0.395,0.36,135,3,21.4,1.2,3.7
Paul Goldschmidt,STL,154,687,25,89,80,11,12.70%,23.40%,0.179,0.327,0.268,0.363,0.447,0.35,0.367,122,2.6,21.5,-8.2,3.7
Andrés Giménez,CLE,153,616,15,76,62,30,5.20%,18.20%,0.147,0.289,0.251,0.314,0.399,0.309,0.3,97,2.6,0.7,14.9,3.6
Ian Happ,CHC,158,691,21,86,84,14,14.30%,22.10%,0.183,0.299,0.248,0.36,0.431,0.345,0.349,118,1.8,16.8,-5.2,3.5
Manny Machado,SDP,138,601,30,75,91,3,8.30%,18.10%,0.204,0.268,0.258,0.319,0.462,0.334,0.332,114,-3.5,7,7.4,3.5
Matt Chapman,TOR,140,581,17,66,54,4,10.70%,28.40%,0.185,0.319,0.24,0.33,0.424,0.328,0.339,110,2.2,9.2,5.7,3.5
Luis Arraez,MIA,147,617,10,71,69,3,5.70%,5.50%,0.115,0.362,0.354,0.393,0.469,0.369,0.353,132,-2.6,21.9,-8.5,3.4
Willy Adames,MIL,149,638,24,73,80,5,11.10%,25.90%,0.19,0.259,0.217,0.31,0.407,0.311,0.341,94,-0.3,-5.3,17.7,3.4
Brandon Marsh,PHI,133,472,12,58,60,10,12.50%,30.50%,0.181,0.397,0.277,0.372,0.458,0.358,0.324,125,3.1,17.5,0.1,3.4
Randy Arozarena,TBR,151,654,23,95,83,22,12.20%,23.90%,0.171,0.31,0.254,0.364,0.425,0.347,0.352,126,1.8,22.1,-10.7,3.3
Bryce Harper,PHI,126,546,21,84,72,11,14.70%,21.80%,0.206,0.352,0.293,0.401,0.499,0.384,0.397,142,-2.5,26,-11.5,3.3
Jeimer Candelario,2 Tms,140,576,22,77,70,8,9.20%,22.00%,0.22,0.292,0.251,0.336,0.471,0.346,0.319,117,1.2,13.3,0.1,3.3
Marcell Ozuna,ATL,144,592,40,84,100,0,9.60%,22.60%,0.285,0.293,0.274,0.346,0.558,0.381,0.4,139,-0.4,28.2,-15.6,3.3
Ke'Bryan Hayes,PIT,124,525,15,65,61,10,5.30%,19.80%,0.182,0.315,0.271,0.309,0.453,0.324,0.322,101,-1.5,-0.8,15.5,3.2
Matt McLain,CIN,89,403,16,65,50,14,7.70%,28.50%,0.216,0.385,0.29,0.357,0.507,0.37,0.332,128,0.8,14.9,3.9,3.2
Gleyber Torres,NYY,158,672,25,90,68,13,10.00%,14.60%,0.18,0.288,0.273,0.347,0.453,0.346,0.361,123,-4.8,13.4,-3.8,3.2
Lars Nootbaar,STL,117,503,14,74,46,11,14.30%,19.70%,0.157,0.307,0.261,0.367,0.418,0.344,0.357,118,2.2,13.5,1.5,3.2
Seiya Suzuki,CHC,138,583,20,75,74,6,10.10%,22.30%,0.2,0.341,0.285,0.357,0.485,0.358,0.358,126,-3.4,15.7,-3.6,3.2
Eugenio Suárez,SEA,162,694,22,68,96,2,10.10%,30.80%,0.159,0.314,0.232,0.323,0.391,0.313,0.328,102,-3.2,-1.1,9.2,3.2
Rafael Devers,BOS,153,656,33,90,100,5,9.50%,19.20%,0.229,0.292,0.271,0.351,0.5,0.359,0.38,124,-3.8,14.9,-5.8,3.1
Mike Trout,LAA,82,362,18,54,44,2,12.40%,28.70%,0.227,0.335,0.263,0.367,0.49,0.368,0.388,134,1.8,16.6,0.9,3
Steven Kwan,CLE,158,718,5,93,54,21,9.70%,10.40%,0.102,0.294,0.268,0.34,0.37,0.313,0.318,100,1.5,1.7,3,2.9
Zack Gelof,OAK,69,300,14,40,32,14,8.70%,27.30%,0.237,0.331,0.267,0.337,0.504,0.357,0.333,133,3.3,15.2,3.5,2.9
Max Muncy,LAD,135,579,36,95,105,1,14.70%,26.40%,0.263,0.221,0.212,0.333,0.475,0.344,0.365,118,0.9,14,-5.1,2.9
Patrick Bailey,SFG,97,353,7,29,48,1,5.90%,28.30%,0.126,0.314,0.233,0.285,0.359,0.282,0.311,78,-0.7,-10.4,26.8,2.8
Brandon Lowe,TBR,109,436,21,58,68,7,11.50%,27.30%,0.212,0.275,0.231,0.328,0.443,0.334,0.341,117,1.6,10.5,2.9,2.8
Pete Alonso,NYM,154,658,46,92,118,4,9.90%,22.90%,0.287,0.205,0.217,0.318,0.504,0.346,0.37,121,-1.8,15.7,-10.1,2.8
Jeremy Peña,HOU,150,634,10,81,52,13,6.80%,20.30%,0.118,0.323,0.263,0.324,0.381,0.31,0.302,96,0.1,-2.6,9,2.8
Edouard Julien,MIN,109,408,16,60,37,3,15.70%,31.40%,0.195,0.371,0.263,0.381,0.459,0.366,0.348,136,0.3,17.9,-3.8,2.8
Jack Suwinski,PIT,144,534,26,63,74,13,14.00%,32.20%,0.23,0.29,0.224,0.339,0.454,0.341,0.349,112,5,13.2,-3.8,2.8
Geraldo Perdomo,ARI,144,495,6,71,47,16,12.90%,17.40%,0.113,0.295,0.246,0.353,0.359,0.319,0.273,99,5,4.3,6.1,2.7
Lane Thomas,WSN,157,682,28,101,86,20,5.30%,25.80%,0.201,0.325,0.268,0.315,0.468,0.334,0.319,109,5.8,13.1,-9.2,2.7
Ryan Jeffers,MIN,96,335,14,46,43,3,9.90%,27.80%,0.213,0.359,0.276,0.369,0.49,0.369,0.334,138,-1.8,13.4,2.3,2.7
Jose Siri,TBR,101,364,25,58,56,12,5.50%,35.70%,0.272,0.269,0.222,0.267,0.494,0.319,0.301,106,4.2,7,7.7,2.7
Francisco Alvarez,NYM,123,423,25,51,63,2,8.00%,26.00%,0.228,0.222,0.209,0.284,0.437,0.31,0.306,97,-3.8,-5.3,17.9,2.7
Anthony Santander,BAL,153,656,28,81,95,5,8.40%,23.20%,0.215,0.299,0.257,0.325,0.472,0.34,0.318,119,0.1,15.3,-11.1,2.6
Nolan Arenado,STL,144,612,26,71,93,3,6.70%,16.50%,0.193,0.279,0.266,0.315,0.459,0.327,0.321,107,-3.3,1.9,3.7,2.6
Luke Raley,TBR,118,406,19,56,49,14,6.90%,31.50%,0.241,0.33,0.249,0.333,0.49,0.353,0.329,130,3.8,18.4,-5.9,2.6
Max Kepler,MIN,130,491,24,72,66,1,9.20%,21.60%,0.224,0.288,0.26,0.332,0.484,0.348,0.363,124,-3.5,10.5,-0.8,2.6
Jeff McNeil,NYM,156,648,10,75,55,10,6.00%,10.00%,0.108,0.288,0.27,0.333,0.378,0.314,0.29,100,1.7,2,1.7,2.6
Josh Jung,TEX,122,515,23,75,70,1,5.80%,29.30%,0.201,0.34,0.266,0.315,0.467,0.334,0.336,110,-2.9,3.4,4.5,2.5
Jake Burger,2 Tms,141,540,34,71,80,1,5.90%,27.60%,0.268,0.284,0.25,0.309,0.518,0.349,0.358,120,1.1,14.6,-7.6,2.5
Nolan Gorman,STL,119,464,27,59,76,7,11.40%,31.90%,0.241,0.296,0.236,0.328,0.478,0.345,0.358,118,2.6,13.2,-3.7,2.5
Willi Castro,MIN,124,409,9,60,34,33,8.30%,24.20%,0.154,0.328,0.257,0.339,0.411,0.327,0.306,109,6.4,10.9,0.4,2.5
Josh Naylor,CLE,121,495,17,52,97,10,6.70%,13.70%,0.181,0.326,0.308,0.354,0.489,0.354,0.345,128,-3.7,13,-4.8,2.5
Brandon Drury,LAA,125,523,26,61,83,0,4.80%,26.00%,0.235,0.308,0.262,0.306,0.497,0.339,0.319,114,-4.1,4.7,2.4,2.5
Wilmer Flores,SFG,126,454,23,51,60,0,9.00%,13.90%,0.225,0.286,0.284,0.355,0.509,0.368,0.336,136,-2.4,17.6,-8.4,2.5
Willson Contreras,STL,125,495,20,55,67,6,10.30%,22.40%,0.203,0.311,0.264,0.358,0.467,0.358,0.375,127,-4.4,12.5,-5,2.4
Royce Lewis,MIN,58,239,15,36,52,6,8.40%,23.00%,0.24,0.354,0.309,0.372,0.548,0.393,0.349,155,0.1,15.7,0.5,2.4
Bo Naylor,CLE,67,230,11,33,32,5,13.00%,23.00%,0.232,0.267,0.237,0.339,0.47,0.347,0.31,124,2.9,9.4,7,2.4
Jarren Duran,BOS,102,362,8,46,40,24,6.60%,24.90%,0.187,0.381,0.295,0.346,0.482,0.354,0.319,120,5.9,14.6,-3.2,2.4
Brandon Belt,TOR,103,404,19,53,43,0,15.10%,34.90%,0.236,0.37,0.254,0.369,0.49,0.369,0.337,138,-0.6,17.9,-8.4,2.3
Bryan Reynolds,PIT,145,640,24,85,84,12,8.30%,21.60%,0.197,0.304,0.263,0.33,0.46,0.338,0.359,110,1.9,9.9,-8.8,2.3
Leody Taveras,TEX,143,554,14,67,67,14,6.30%,21.10%,0.155,0.318,0.266,0.312,0.421,0.316,0.32,98,3.7,2.1,1.9,2.3
Orlando Arcia,ATL,139,533,17,66,65,1,7.30%,19.10%,0.156,0.301,0.264,0.321,0.42,0.321,0.309,99,-2.1,-2.7,7.3,2.3
Tommy Edman,STL,137,528,13,69,47,27,6.60%,15.90%,0.15,0.275,0.248,0.307,0.399,0.306,0.31,92,1.8,-3.2,7.9,2.3
Riley Greene,DET,99,416,11,51,37,7,8.40%,27.40%,0.159,0.384,0.288,0.349,0.447,0.344,0.363,119,1.4,11.1,-2.6,2.3
Jake Rogers,DET,107,365,21,47,49,1,7.70%,32.30%,0.224,0.268,0.221,0.286,0.444,0.312,0.326,97,0.2,-1,10.9,2.2
Jason Heyward,LAD,124,377,15,56,40,2,9.00%,17.00%,0.204,0.291,0.269,0.34,0.473,0.348,0.318,121,-0.8,8.8,0.4,2.2
Austin Hays,BAL,144,566,16,76,67,5,6.70%,24.90%,0.169,0.345,0.275,0.325,0.444,0.33,0.31,112,-3.9,4.3,-1.4,2.2
Kerry Carpenter,DET,118,459,20,57,64,6,7.00%,25.10%,0.194,0.338,0.278,0.34,0.471,0.347,0.339,121,-0.1,11.7,-5.5,2.2
José Caballero,SEA,104,280,4,37,26,26,10.00%,23.60%,0.1,0.285,0.221,0.343,0.32,0.305,0.299,96,5.2,4,8.3,2.2
Kevin Kiermaier,TOR,129,408,8,58,36,14,7.10%,21.10%,0.154,0.321,0.265,0.322,0.419,0.32,0.301,104,-2.7,-0.6,8.5,2.2
George Springer,TOR,154,683,21,87,72,20,8.80%,18.30%,0.147,0.291,0.258,0.327,0.405,0.32,0.332,104,-1.7,1.6,-3.1,2.2
J.D. Davis,SFG,144,546,18,61,69,1,9.50%,27.80%,0.165,0.32,0.248,0.325,0.413,0.321,0.324,104,-2.3,0.5,2.5,2.2
J.D. Martinez,LAD,113,479,33,61,103,1,7.10%,31.10%,0.301,0.324,0.271,0.321,0.572,0.369,0.37,135,-3.6,17.2,-11.9,2.2
CJ Abrams,WSN,151,614,18,83,64,47,5.20%,19.20%,0.167,0.279,0.245,0.3,0.412,0.306,0.306,90,9.5,2,-1.4,2.1
Daulton Varsho,TOR,158,581,20,65,61,16,7.70%,23.20%,0.169,0.256,0.22,0.285,0.389,0.293,0.303,85,2.8,-7.5,9.1,2.1
Spencer Steer,CIN,156,665,23,74,86,15,10.20%,20.90%,0.192,0.318,0.271,0.356,0.464,0.355,0.331,118,1.7,16.4,-17.7,2.1
Mitch Garver,TEX,87,344,19,45,50,0,12.80%,23.80%,0.23,0.313,0.27,0.37,0.5,0.374,0.363,138,-1.4,14.2,-4.7,2.1
Lourdes Gurriel Jr.,ARI,145,592,24,65,82,5,5.60%,17.40%,0.201,0.282,0.261,0.309,0.463,0.329,0.326,106,-3.2,0.9,0.1,2.1
Nathaniel Lowe,TEX,161,724,17,89,82,1,12.80%,22.80%,0.152,0.329,0.262,0.36,0.414,0.34,0.337,114,-8,4.5,-8.1,2.1
Jon Berti,MIA,133,424,7,53,33,16,6.80%,18.20%,0.111,0.349,0.294,0.344,0.405,0.325,0.323,103,0.6,1.9,4.4,2.1
Brendan Donovan,STL,95,371,11,48,34,5,8.90%,14.30%,0.138,0.311,0.284,0.365,0.422,0.345,0.353,118,3.1,11.6,-3.5,2.1
LaMonte Wade Jr.,SFG,135,519,17,64,45,2,14.60%,18.30%,0.161,0.29,0.256,0.373,0.417,0.347,0.362,122,-0.2,13.7,-10.8,2.1
Alex Verdugo,BOS,142,602,13,81,54,5,7.50%,15.40%,0.158,0.294,0.264,0.324,0.421,0.322,0.33,98,-2,-3.5,3.5,2
Yainer Diaz,HOU,104,377,23,51,60,0,2.90%,19.60%,0.256,0.292,0.282,0.308,0.538,0.354,0.365,127,-4.3,7.8,-0.3,2
Brent Rooker,OAK,137,526,30,61,69,4,9.30%,32.70%,0.242,0.317,0.246,0.329,0.488,0.348,0.347,127,0,17,-14.8,2
Davis Schneider,TOR,35,141,8,23,20,1,14.90%,30.50%,0.328,0.369,0.276,0.404,0.603,0.424,0.353,176,0.1,13,2.4,2
Danny Jansen,TOR,86,301,17,38,53,0,7.60%,20.60%,0.246,0.233,0.228,0.312,0.474,0.336,0.317,116,0.8,6.4,3.4,2
Ryan Noda,OAK,128,495,16,63,54,3,15.60%,34.30%,0.177,0.347,0.229,0.364,0.406,0.342,0.334,123,-0.3,13.1,-10,2
Luis Rengifo,LAA,126,445,16,55,51,6,9.20%,18.40%,0.18,0.293,0.264,0.339,0.444,0.339,0.323,114,0.1,7.6,-3.3,1.9
Maikel Garcia,KCR,123,515,4,59,50,23,7.40%,22.30%,0.086,0.344,0.272,0.323,0.358,0.299,0.318,84,-0.8,-10.7,12.5,1.9
Connor Joe,PIT,133,472,11,63,42,3,10.60%,23.30%,0.174,0.311,0.247,0.339,0.421,0.332,0.328,107,0.6,4.5,-1.5,1.9
Matt Wallner,MIN,76,254,14,42,41,2,11.00%,31.50%,0.258,0.328,0.249,0.37,0.507,0.377,0.376,144,1.6,14.8,-4.5,1.9
Anthony Volpe,NYY,159,601,21,62,60,24,8.70%,27.80%,0.174,0.259,0.209,0.283,0.383,0.29,0.307,84,3.5,-7.8,6.2,1.9
Chris Taylor,LAD,117,384,15,51,56,16,10.70%,32.60%,0.183,0.327,0.237,0.326,0.42,0.323,0.314,104,3.3,5.4,0.3,1.9
Jorge Soler,MIA,137,580,36,77,75,1,11.40%,24.30%,0.262,0.272,0.25,0.341,0.512,0.361,0.376,126,-3.7,15.3,-16.4,1.9
Adam Duvall,BOS,92,353,21,45,58,4,6.20%,31.20%,0.284,0.299,0.247,0.303,0.531,0.347,0.306,116,3,9.7,-3,1.9
Jazz Chisholm Jr.,MIA,97,383,19,50,51,22,6.80%,30.80%,0.207,0.318,0.25,0.304,0.457,0.325,0.309,103,3.8,5.1,0.5,1.9
Mauricio Dubón,HOU,132,492,10,76,46,7,3.90%,14.20%,0.133,0.308,0.278,0.309,0.411,0.311,0.302,97,0.1,-1.6,3.5,1.9
Tommy Pham,2 Tms,129,481,16,55,68,22,9.80%,22.00%,0.19,0.3,0.256,0.328,0.446,0.332,0.361,110,3.1,9.2,-7.5,1.8
Harold Ramírez,TBR,122,434,12,58,68,5,5.10%,18.20%,0.148,0.359,0.313,0.353,0.46,0.349,0.319,128,1.5,16,-12.8,1.8
Cedric Mullins,BAL,116,455,15,51,74,19,9.50%,22.20%,0.183,0.271,0.233,0.305,0.416,0.311,0.288,99,3.3,2.6,-0.1,1.8
Mike Yastrzemski,SFG,106,381,15,54,43,2,11.80%,26.00%,0.212,0.286,0.233,0.33,0.445,0.333,0.326,112,0.2,5.9,-1.1,1.8
Mike Tauchman,CHC,108,401,8,64,48,7,14.00%,21.40%,0.125,0.313,0.252,0.363,0.377,0.33,0.345,107,2.3,5.9,-1.9,1.8
Teoscar Hernández,SEA,160,678,26,70,93,7,5.60%,31.10%,0.178,0.342,0.258,0.305,0.435,0.317,0.336,105,-2.9,0.9,-6.4,1.8
Triston Casas,BOS,132,502,24,66,65,0,13.90%,25.10%,0.226,0.317,0.263,0.367,0.49,0.367,0.371,129,-2.1,15.6,-15.1,1.7
Jared Triolo,PIT,54,209,3,30,21,6,11.50%,30.10%,0.099,0.44,0.298,0.388,0.398,0.35,0.323,118,1.8,6.6,3.8,1.7
Gary Sánchez,2 Tms,75,267,19,33,47,0,7.90%,25.10%,0.275,0.212,0.217,0.288,0.492,0.329,0.342,111,-2.1,1.6,6.6,1.7
Elly De La Cruz,CIN,98,427,13,67,44,35,8.20%,33.70%,0.175,0.336,0.235,0.3,0.41,0.305,0.302,84,5,-3.3,5.9,1.7
Will Benson,CIN,108,329,11,51,31,19,12.20%,31.30%,0.223,0.391,0.275,0.365,0.498,0.369,0.323,128,1.9,13.1,-7.3,1.7
Kyle Higashioka,NYY,92,260,10,24,34,0,5.40%,28.50%,0.178,0.292,0.236,0.274,0.413,0.293,0.307,86,-1.1,-5.3,13.4,1.7
Michael A. Taylor,MIN,129,388,21,48,51,13,6.70%,33.50%,0.223,0.278,0.22,0.278,0.442,0.308,0.311,96,2.3,0.2,3.4,1.7
Gabriel Moreno,ARI,111,380,7,33,50,6,7.60%,19.70%,0.123,0.338,0.284,0.339,0.408,0.325,0.314,103,-7.7,-6.5,10.4,1.7
Jake Meyers,HOU,112,341,10,42,33,5,7.60%,25.80%,0.155,0.283,0.227,0.296,0.382,0.297,0.285,88,2.5,-2.6,7.8,1.7
Carlos Santana,2 Tms,146,619,23,78,86,6,10.50%,16.80%,0.189,0.255,0.24,0.318,0.429,0.323,0.306,101,2.2,2.9,-7.3,1.7
Trent Grisham,SDP,153,555,13,67,50,15,13.50%,27.70%,0.154,0.264,0.198,0.315,0.352,0.299,0.326,91,4,-2.4,0.1,1.7
Ryan Mountcastle,BAL,115,470,18,64,68,3,7.90%,22.80%,0.182,0.315,0.27,0.328,0.452,0.333,0.357,114,0.9,9,-8.4,1.7
Kyle Farmer,MIN,120,369,11,49,46,2,6.20%,23.30%,0.152,0.311,0.256,0.317,0.408,0.316,0.312,101,0.5,1,3,1.6
Alejandro Kirk,TOR,123,422,8,34,43,0,10.00%,10.70%,0.108,0.265,0.25,0.334,0.358,0.308,0.317,96,-10.3,-12.3,14.4,1.6
Ezequiel Tovar,COL,153,615,15,79,73,11,4.10%,27.00%,0.155,0.328,0.253,0.287,0.408,0.298,0.29,70,-0.6,-23.3,18.5,1.6
Andy Ibáñez,DET,114,383,11,42,41,1,6.30%,18.00%,0.169,0.3,0.264,0.312,0.433,0.32,0.33,103,-0.2,1.1,1.7,1.6
Mark Canha,2 Tms,139,507,11,51,62,11,9.70%,15.60%,0.138,0.293,0.262,0.355,0.4,0.333,0.322,111,0.9,7.7,-9.3,1.6
Whit Merrifield,TOR,145,592,11,66,67,26,6.10%,17.10%,0.11,0.313,0.272,0.318,0.382,0.304,0.274,93,1,-3.8,-0.8,1.5
Mickey Moniak,LAA,85,323,14,35,45,6,2.80%,35.00%,0.215,0.397,0.28,0.307,0.495,0.339,0.309,114,0,5.4,-0.9,1.5
Jorge Polanco,MIN,80,343,14,38,48,4,10.50%,25.70%,0.199,0.31,0.255,0.335,0.454,0.34,0.351,118,1.7,9.1,-5.5,1.5
Taylor Ward,LAA,97,409,14,60,47,4,9.50%,19.60%,0.169,0.284,0.253,0.335,0.421,0.329,0.338,107,-1.1,2.5,-1.1,1.5
Freddy Fermin,KCR,70,235,9,26,32,0,5.50%,21.30%,0.18,0.323,0.281,0.321,0.461,0.333,0.332,108,-2.2,0,7.1,1.5
J.T. Realmuto,PHI,135,540,20,70,63,16,6.50%,25.60%,0.2,0.307,0.252,0.31,0.452,0.324,0.336,102,-1.5,-0.3,-3.4,1.5
Jake Fraley,CIN,111,380,15,41,65,21,9.70%,18.70%,0.188,0.283,0.256,0.339,0.443,0.338,0.328,107,1.9,5.1,-3.5,1.4
Sal Frelick,MIL,57,223,3,29,24,7,12.60%,16.60%,0.105,0.286,0.246,0.341,0.351,0.309,0.298,92,3.6,1.5,5.4,1.4
Kyle Schwarber,PHI,160,720,47,108,104,0,17.50%,29.90%,0.277,0.209,0.197,0.343,0.474,0.35,0.365,119,-0.8,16.4,-26.5,1.4
Ryan O'Hearn,BAL,112,368,14,48,60,5,4.10%,22.30%,0.191,0.34,0.289,0.322,0.48,0.339,0.326,118,-0.4,7.7,-5.8,1.4
Christopher Morel,CHC,107,429,26,62,70,6,8.40%,31.00%,0.26,0.303,0.247,0.313,0.508,0.347,0.346,119,2.3,12.3,-12.9,1.4
Spencer Torkelson,DET,159,684,31,88,94,3,9.80%,25.00%,0.213,0.269,0.233,0.313,0.446,0.326,0.349,107,0.7,6,-15.3,1.4
Johan Rojas,PHI,59,164,2,24,23,14,3.00%,25.60%,0.128,0.41,0.302,0.342,0.43,0.335,0.268,109,2.7,4.6,3.7,1.4
Eddie Rosario,ATL,142,516,21,64,74,3,6.60%,23.60%,0.195,0.3,0.255,0.305,0.45,0.322,0.32,100,-1.6,-1.8,-2.3,1.4
Jesús Sánchez,MIA,125,402,14,43,52,3,9.50%,26.60%,0.197,0.321,0.253,0.327,0.45,0.334,0.354,109,-2,2.2,-2.4,1.3
Evan Carter,TEX,23,75,5,15,12,3,16.00%,32.00%,0.339,0.412,0.306,0.413,0.645,0.435,0.339,180,0.2,7.4,3.3,1.3
Jarred Kelenic,SEA,105,416,11,44,49,13,9.90%,31.70%,0.167,0.359,0.253,0.327,0.419,0.321,0.333,108,0.4,4.2,-5.2,1.3
Andrew McCutchen,PIT,112,473,12,55,43,11,15.90%,21.10%,0.141,0.312,0.256,0.378,0.397,0.345,0.351,115,-1.7,7.2,-10.8,1.2
Donovan Solano,MIN,134,450,5,43,38,0,8.90%,22.20%,0.109,0.366,0.282,0.369,0.391,0.338,0.349,116,-2.7,6.2,-9.1,1.2
Yoán Moncada,CHW,92,357,11,39,40,1,5.60%,30.00%,0.165,0.35,0.26,0.305,0.425,0.315,0.317,98,-0.1,-0.8,1,1.2
Jonathan India,CIN,119,529,17,78,61,14,9.80%,20.60%,0.163,0.281,0.244,0.338,0.407,0.327,0.339,99,-0.4,-0.8,-5,1.2
Stone Garrett,WSN,89,271,9,40,40,3,9.60%,30.30%,0.188,0.365,0.269,0.343,0.457,0.344,0.34,115,0.5,5.6,-2.6,1.2
Esteury Ruiz,OAK,132,497,5,47,47,67,4.00%,19.90%,0.091,0.315,0.254,0.309,0.345,0.29,0.273,86,9.2,1.1,-5.8,1.2
Justin Turner,BOS,146,626,23,86,96,4,8.10%,17.60%,0.179,0.304,0.276,0.345,0.455,0.346,0.336,114,-3.5,7.4,-16.6,1.2
Zach McKinstry,DET,148,518,9,60,35,16,8.50%,21.80%,0.121,0.284,0.231,0.302,0.351,0.289,0.311,81,1.7,-10,4.3,1.2
Matt Vierling,DET,134,530,10,63,44,6,8.30%,21.10%,0.127,0.321,0.261,0.329,0.388,0.315,0.323,99,-0.7,-1.4,-4.7,1.2
Ryan McMahon,COL,152,627,23,80,70,5,10.80%,31.60%,0.191,0.326,0.24,0.322,0.431,0.325,0.333,88,-5.9,-15.2,5.8,1.2
Blake Perkins,MIL,67,168,4,28,20,5,13.70%,27.40%,0.133,0.29,0.217,0.325,0.35,0.303,0.28,88,2.1,-0.3,6.4,1.2
Elvis Andrus,CHW,112,406,6,39,44,12,6.20%,17.50%,0.107,0.294,0.251,0.304,0.358,0.29,0.267,81,0.9,-8.3,6,1.1
Carlos Correa,MIN,135,580,18,60,65,0,10.20%,22.60%,0.169,0.272,0.23,0.312,0.399,0.309,0.329,96,-9.2,-11.8,3.5,1.1
Josh Rojas,2 Tms,105,350,4,47,40,12,7.70%,23.10%,0.092,0.313,0.245,0.303,0.338,0.284,0.276,78,5,-4.7,4.1,1.1
Dairon Blanco,KCR,69,138,3,19,18,24,7.20%,23.90%,0.194,0.33,0.258,0.324,0.452,0.333,0.304,108,2.2,3.4,3.2,1.1
Michael Conforto,SFG,125,470,15,58,58,4,11.30%,22.60%,0.145,0.284,0.239,0.334,0.384,0.315,0.33,100,0.6,0.6,-5.3,1.1
Victor Caratini,MIL,62,226,7,23,25,1,8.40%,19.90%,0.124,0.296,0.259,0.327,0.383,0.312,0.306,94,-3.3,-4.9,8.5,1.1
Kyle Isbel,KCR,91,313,5,45,34,7,5.40%,18.80%,0.14,0.283,0.24,0.282,0.38,0.286,0.286,75,4.2,-5.1,5.7,1.1
Joey Wiemer,MIL,132,410,13,48,42,11,8.80%,28.30%,0.158,0.258,0.204,0.283,0.362,0.284,0.293,75,0.9,-11.8,8.8,1.1
Alec Bohm,PHI,145,611,20,74,97,4,6.90%,15.40%,0.163,0.296,0.274,0.327,0.437,0.329,0.342,105,-7.2,-3.1,-6.8,1.1
Jason Delay,PIT,70,187,1,20,18,0,7.50%,23.50%,0.096,0.333,0.251,0.319,0.347,0.296,0.266,82,-1,-5.1,9.5,1.1
Jordan Westburg,BAL,68,228,3,26,23,4,7.00%,24.60%,0.144,0.336,0.26,0.311,0.404,0.309,0.314,97,0.8,0.1,3,1.1
Luis Campusano,SDP,49,174,7,27,30,0,4.00%,12.10%,0.172,0.331,0.319,0.356,0.491,0.364,0.348,134,-2.2,5.2,-0.3,1.1
Zach Neto,LAA,84,329,9,38,34,5,6.10%,23.40%,0.152,0.272,0.225,0.308,0.377,0.302,0.314,89,-0.4,-4.9,4.5,1.1
Nicky Lopez,2 Tms,94,262,1,32,25,6,9.90%,15.30%,0.076,0.276,0.231,0.326,0.307,0.288,0.288,77,0.3,-7.1,8.9,1.1
DJ LeMahieu,NYY,136,562,15,55,44,2,10.70%,22.20%,0.147,0.295,0.243,0.327,0.39,0.315,0.32,101,-7,-6.3,-2.2,1.1
Harrison Bader,2 Tms,98,344,7,44,40,20,4.90%,17.20%,0.116,0.261,0.232,0.274,0.348,0.271,0.294,70,4.4,-8.1,6.9,1.1
Jake Cronenworth,SDP,127,522,10,54,48,6,8.80%,18.60%,0.148,0.267,0.229,0.312,0.378,0.301,0.304,92,3.2,-1.9,-5.4,1
Travis Jankowski,TEX,107,287,1,34,30,19,12.20%,14.60%,0.069,0.311,0.263,0.357,0.332,0.312,0.303,95,0.4,-1.3,2,1
Aaron Hicks,2 Tms,93,312,8,44,36,6,13.50%,22.10%,0.13,0.311,0.253,0.353,0.383,0.326,0.284,109,3.2,6.7,-6.9,1
Cavan Biggio,TOR,111,338,9,54,40,5,11.80%,26.00%,0.135,0.304,0.235,0.34,0.37,0.318,0.318,103,2.2,3.3,-4.4,1
Parker Meadows,DET,37,145,3,19,13,8,11.70%,25.50%,0.136,0.302,0.232,0.331,0.368,0.308,0.324,94,3.5,2.5,2.7,1
Vladimir Guerrero Jr.,TOR,156,682,26,78,94,5,9.80%,14.70%,0.179,0.277,0.264,0.345,0.444,0.34,0.374,118,-7.1,7.5,-20.8,1
Ramón Laureano,2 Tms,105,404,9,46,35,12,8.20%,28.20%,0.147,0.301,0.224,0.304,0.371,0.298,0.306,91,-1,-5.3,1.4,1
Taylor Walls,TBR,99,349,8,50,36,22,12.60%,26.40%,0.132,0.261,0.201,0.305,0.333,0.287,0.278,85,6.5,0.1,-2.2,1
Nick Castellanos,PHI,157,671,29,79,106,11,5.40%,27.60%,0.204,0.337,0.272,0.311,0.476,0.335,0.323,109,-4.7,2.7,-15.9,1
Yan Gomes,CHC,116,419,10,44,63,1,5.00%,19.30%,0.141,0.309,0.267,0.315,0.408,0.312,0.317,95,-1.7,-4.2,-0.5,1
Christian Vázquez,MIN,102,355,6,34,32,1,7.00%,23.10%,0.095,0.279,0.223,0.28,0.318,0.264,0.265,65,-4.4,-19.1,16.6,1
Austin Slater,SFG,89,207,5,24,20,2,9.70%,28.00%,0.13,0.369,0.27,0.348,0.4,0.33,0.337,110,0.1,2.7,-0.3,0.9
Ezequiel Duran,TEX,122,439,14,55,46,8,5.20%,27.30%,0.167,0.358,0.276,0.324,0.443,0.33,0.318,107,-3.8,0.1,-5.7,0.9
Nick Madrigal,CHC,92,294,2,34,28,10,3.40%,8.20%,0.089,0.283,0.263,0.311,0.352,0.294,0.294,83,-1.5,-7.7,7.1,0.9
Owen Miller,MIL,90,314,5,29,27,13,5.40%,19.40%,0.11,0.31,0.261,0.303,0.371,0.292,0.287,81,1.8,-5.7,4.3,0.9
Travis d'Arnaud,ATL,74,292,11,31,39,0,7.20%,22.90%,0.172,0.258,0.225,0.288,0.397,0.297,0.33,83,-1.1,-7.2,6.4,0.9
Cade Marlowe,SEA,34,100,3,14,11,4,12.00%,33.00%,0.182,0.346,0.239,0.33,0.42,0.327,0.276,112,1,2.4,3.4,0.9
Anthony Rizzo,NYY,99,421,12,45,41,0,8.30%,23.00%,0.134,0.298,0.244,0.328,0.378,0.312,0.319,100,-3.6,-3.8,-1.5,0.9
Edmundo Sosa,PHI,104,300,10,34,30,4,2.70%,24.70%,0.176,0.306,0.251,0.293,0.427,0.309,0.298,92,0,-3,1.7,0.9
Akil Baddoo,DET,112,357,11,40,34,14,11.80%,24.90%,0.154,0.268,0.218,0.31,0.372,0.299,0.301,88,2.9,-2.2,-1,0.9
Brenton Doyle,COL,126,431,10,48,48,22,5.10%,35.00%,0.14,0.295,0.203,0.25,0.343,0.257,0.264,43,3,-27.6,21.6,0.9
Jose Trevino,NYY,55,168,4,15,15,0,4.80%,13.10%,0.102,0.221,0.21,0.257,0.312,0.252,0.282,58,-1.5,-10,12.9,0.9
Tyrone Taylor,MIL,81,243,10,36,35,9,3.30%,22.60%,0.212,0.263,0.234,0.267,0.446,0.302,0.307,88,1.4,-2.3,2.5,0.8
Ramón Urías,BAL,116,396,4,45,42,3,6.80%,25.50%,0.111,0.355,0.264,0.328,0.375,0.31,0.281,99,0.7,0,-5.1,0.8
Charlie Blackmon,COL,96,413,8,57,40,4,9.40%,13.30%,0.162,0.307,0.279,0.363,0.44,0.35,0.339,105,-1.8,0.6,-6.3,0.8
Drew Waters,KCR,98,337,8,40,32,16,8.00%,31.80%,0.149,0.321,0.228,0.3,0.377,0.296,0.316,82,1.8,-5.5,2.2,0.8
Tyler O'Neill,STL,72,266,9,27,21,5,10.50%,25.20%,0.172,0.284,0.231,0.312,0.403,0.313,0.338,97,-0.8,-1.7,0.8,0.8
Javier Báez,DET,136,547,9,58,59,12,4.40%,22.90%,0.104,0.274,0.222,0.267,0.325,0.261,0.284,61,2.3,-23,12.5,0.8
Alex Kirilloff,MIN,88,319,11,35,41,1,8.80%,25.10%,0.174,0.337,0.27,0.348,0.445,0.343,0.333,120,0.8,8.4,-11.2,0.8
Austin Hedges,2 Tms,82,212,1,14,16,1,5.20%,22.20%,0.043,0.236,0.184,0.234,0.227,0.209,0.246,24,-0.3,-20.2,20.7,0.8
Tom Murphy,SEA,47,159,8,19,17,0,6.30%,27.70%,0.248,0.358,0.29,0.335,0.538,0.367,0.352,140,-1.6,6.1,-3.9,0.8
Patrick Wisdom,CHC,97,302,23,43,46,4,9.90%,36.80%,0.295,0.237,0.205,0.289,0.5,0.333,0.339,109,0.3,3.8,-6.7,0.7
Will Brennan,CLE,138,455,5,41,41,13,3.50%,12.50%,0.09,0.296,0.266,0.299,0.356,0.285,0.301,81,1.1,-9.4,1.3,0.7
Garrett Hampson,MIA,98,252,3,30,23,5,9.10%,26.60%,0.104,0.379,0.276,0.349,0.38,0.323,0.295,101,1.8,2.1,-3.3,0.7
Nelson Velázquez,2 Tms,53,179,17,35,34,0,7.80%,28.50%,0.352,0.221,0.235,0.302,0.586,0.369,0.378,132,0.2,7.2,-5.9,0.7
Stuart Fairchild,CIN,97,255,5,34,28,10,9.80%,27.10%,0.16,0.306,0.228,0.321,0.388,0.312,0.315,89,2.3,-1.1,-0.3,0.7
Joey Gallo,MIN,111,332,21,39,40,1,14.50%,42.80%,0.262,0.244,0.177,0.301,0.44,0.32,0.302,104,1,2.5,-6.5,0.7
Shea Langeliers,OAK,135,490,22,52,63,3,6.90%,29.20%,0.208,0.246,0.205,0.268,0.413,0.29,0.303,87,-2.3,-10,0.6,0.7
DJ Stewart,NYM,58,185,11,21,26,1,8.10%,30.30%,0.263,0.298,0.244,0.333,0.506,0.358,0.34,130,-0.2,6.6,-5.7,0.7
Byron Buxton,MIN,85,347,17,49,42,9,10.10%,31.40%,0.23,0.253,0.207,0.294,0.438,0.311,0.32,98,4.8,4,-8.6,0.7
Noelvi Marte,CIN,35,123,3,15,15,6,6.50%,20.30%,0.14,0.384,0.316,0.366,0.456,0.357,0.342,120,0.9,3.9,-1,0.7
Endy Rodríguez,PIT,57,204,3,27,13,0,8.30%,24.00%,0.108,0.281,0.22,0.284,0.328,0.271,0.293,65,0.2,-8.5,8.6,0.7
Blake Sabol,SFG,110,344,13,36,44,4,7.00%,34.00%,0.158,0.33,0.235,0.301,0.394,0.303,0.282,92,1.1,-2.2,-2.5,0.7
Jacob Young,WSN,33,121,0,9,12,13,8.30%,18.20%,0.084,0.318,0.252,0.322,0.336,0.294,0.273,82,3.8,1.1,1.7,0.7
Dylan Moore,SEA,67,165,7,18,19,7,9.70%,33.90%,0.221,0.28,0.207,0.303,0.428,0.317,0.319,105,0.6,1.6,-0.6,0.7
René Pinto,TBR,39,105,6,10,16,0,1.90%,32.40%,0.204,0.317,0.252,0.267,0.456,0.306,0.329,98,-0.7,-1,4,0.7
Randal Grichuk,2 Tms,118,471,16,65,44,2,6.20%,20.40%,0.191,0.309,0.267,0.321,0.459,0.333,0.321,100,-2.9,-2.6,-6.9,0.7
Ernie Clement,TOR,30,52,1,7,10,1,1.90%,7.70%,0.12,0.391,0.38,0.385,0.5,0.378,0.333,144,0.8,3.5,1.2,0.6
Dominic Fletcher,ARI,28,102,2,10,14,0,6.90%,21.60%,0.14,0.377,0.301,0.35,0.441,0.34,0.263,113,-0.7,0.8,2.1,0.6
Masataka Yoshida,BOS,140,580,15,71,72,8,5.90%,14.00%,0.156,0.316,0.289,0.338,0.445,0.339,0.324,109,-5,1.6,-14.9,0.6
Mike Ford,SEA,84,251,16,32,34,0,9.60%,32.30%,0.247,0.276,0.228,0.323,0.475,0.343,0.312,123,-2.2,4.7,-6.9,0.6
Joc Pederson,SFG,121,425,15,59,51,0,13.40%,20.90%,0.182,0.268,0.235,0.348,0.416,0.331,0.368,111,-1.2,4.4,-12.6,0.6
Hunter Renfroe,2 Tms,140,548,20,60,60,0,8.00%,22.80%,0.183,0.27,0.233,0.297,0.416,0.308,0.289,92,-1.5,-6.6,-6,0.6
Christian Bethancourt,TBR,104,332,11,49,33,1,3.90%,27.40%,0.156,0.278,0.225,0.254,0.381,0.271,0.266,74,-0.9,-11.4,6.1,0.6
Miguel Amaya,CHC,53,156,5,17,18,0,7.70%,25.60%,0.145,0.264,0.214,0.329,0.359,0.31,0.33,94,0,-1.2,1.6,0.6
Miguel Rojas,LAD,125,423,5,49,31,8,6.10%,11.30%,0.086,0.255,0.236,0.29,0.322,0.271,0.291,69,-1.9,-18.1,9.4,0.6
Wilyer Abreu,BOS,28,85,2,10,14,3,10.60%,27.10%,0.158,0.431,0.316,0.388,0.474,0.375,0.355,135,-0.6,2.9,-0.2,0.6
Ty France,SEA,158,665,12,79,58,1,6.50%,17.60%,0.116,0.294,0.25,0.337,0.366,0.315,0.339,104,-9.8,-7,-10.2,0.5
Iván Herrera,STL,13,44,0,6,4,0,11.40%,25.00%,0.054,0.423,0.297,0.409,0.351,0.349,0.342,122,0.6,1.7,2,0.5
Michael Massey,KCR,129,461,15,42,55,6,5.20%,21.50%,0.152,0.261,0.229,0.274,0.381,0.283,0.32,73,2.1,-12.8,2.4,0.5
Rafael Ortega,NYM,47,136,1,16,8,6,14.70%,24.30%,0.053,0.3,0.219,0.341,0.272,0.288,0.286,83,2.6,-0.3,0.8,0.5
Christian Encarnacion-St...,CIN,63,241,13,29,37,2,5.80%,28.60%,0.207,0.336,0.27,0.328,0.477,0.346,0.347,112,-2.4,1.3,-4.4,0.5
Alek Thomas,ARI,125,402,9,51,39,9,4.70%,21.40%,0.144,0.273,0.23,0.273,0.374,0.278,0.29,71,3.7,-10.6,1.9,0.5
James McCann,BAL,70,226,6,25,26,3,4.00%,25.20%,0.155,0.274,0.222,0.269,0.377,0.279,0.319,77,-0.7,-7,4.2,0.5
Matthew Batten,SDP,43,139,2,19,11,2,12.20%,21.60%,0.1,0.33,0.258,0.355,0.358,0.321,0.27,106,1.4,2.4,-2.2,0.5
Brian Anderson,MIL,96,361,9,38,40,1,10.00%,29.90%,0.142,0.309,0.226,0.31,0.368,0.299,0.315,85,-2.8,-9.4,2,0.5
Cristian Pache,PHI,48,95,2,12,11,2,10.50%,28.40%,0.179,0.327,0.238,0.319,0.417,0.32,0.312,99,-0.6,-0.7,2.3,0.5
Connor Wong,BOS,126,403,9,55,36,8,5.50%,33.30%,0.151,0.341,0.235,0.288,0.385,0.292,0.274,78,1.1,-9.7,0.8,0.5
Rougned Odor,SDP,59,157,4,21,18,2,10.80%,23.60%,0.152,0.247,0.203,0.299,0.355,0.291,0.318,86,1.6,-1.2,0.6,0.5
Pablo Reyes,BOS,64,185,2,27,20,7,7.60%,11.40%,0.09,0.315,0.287,0.339,0.377,0.315,0.317,93,0.9,-0.7,-1,0.5
Jorge Mateo,BAL,116,350,7,58,34,32,6.30%,23.40%,0.123,0.267,0.217,0.267,0.34,0.265,0.292,67,4.3,-9.5,2.2,0.5
Sean Bouchard,COL,21,43,4,11,7,0,9.30%,32.60%,0.368,0.381,0.316,0.372,0.684,0.432,0.372,160,-0.4,2.8,0.2,0.4
Robbie Grossman,TEX,115,420,10,56,49,1,13.60%,23.30%,0.156,0.292,0.238,0.34,0.394,0.323,0.306,102,1.3,2.4,-12.2,0.4
Brandon Crawford,SFG,94,320,7,31,38,3,8.80%,25.30%,0.12,0.241,0.194,0.273,0.314,0.26,0.293,63,0.9,-13.7,7.1,0.4
Richie Palacios,STL,32,102,6,9,16,2,5.90%,10.80%,0.258,0.234,0.258,0.307,0.516,0.346,0.309,120,0.4,2.8,-2,0.4
Manuel Margot,TBR,99,336,4,39,38,9,5.40%,16.40%,0.113,0.306,0.264,0.31,0.376,0.299,0.304,93,-1.7,-4.5,-2.7,0.4
Victor Robles,WSN,36,126,0,15,8,8,8.70%,14.30%,0.065,0.36,0.299,0.385,0.364,0.338,0.321,112,2.5,4.3,-4.3,0.4
Forrest Wall,ATL,15,15,1,6,2,5,13.30%,26.70%,0.385,0.625,0.462,0.533,0.846,0.569,0.22,265,1,4.1,-0.4,0.4
Tim Locastro,NYM,43,67,2,13,3,6,4.50%,32.80%,0.161,0.344,0.232,0.338,0.393,0.327,0.312,109,1.7,2.4,-0.4,0.4
Eloy Jiménez,CHW,120,489,18,50,64,0,6.10%,19.00%,0.169,0.305,0.272,0.317,0.441,0.325,0.313,105,-2.7,0.3,-12.7,0.4
Tyler Heineman,2 Tms,22,47,0,5,3,1,17.00%,17.00%,0.079,0.3,0.237,0.383,0.316,0.325,0.333,107,1,1.3,1.2,0.4
Edward Olivares,KCR,107,385,12,47,36,11,5.70%,16.60%,0.189,0.289,0.263,0.317,0.452,0.329,0.34,105,-0.6,1.6,-10.6,0.4
Trevor Larnach,MIN,58,212,8,26,40,1,12.70%,34.00%,0.202,0.295,0.213,0.311,0.415,0.313,0.323,99,0.6,0.5,-3.6,0.4
Billy McKinney,NYY,48,147,6,19,14,1,11.60%,26.50%,0.18,0.274,0.227,0.32,0.406,0.315,0.346,101,0.7,0.9,-2,0.4
Gio Urshela,LAA,62,228,2,22,24,3,4.40%,15.80%,0.075,0.346,0.299,0.329,0.374,0.307,0.288,92,-1.7,-4,0.1,0.4
Nick Martini,CIN,29,79,6,10,16,0,6.30%,19.00%,0.319,0.255,0.264,0.329,0.583,0.382,0.353,136,-0.3,3.2,-2.1,0.4
Andruw Monasterio,MIL,92,315,3,38,27,7,8.90%,21.00%,0.089,0.326,0.259,0.33,0.348,0.302,0.307,88,-3.2,-8.1,1.2,0.4
Gabriel Arias,CLE,122,345,10,36,26,3,8.10%,32.80%,0.143,0.29,0.21,0.275,0.352,0.276,0.303,74,-1.7,-12.4,4.5,0.4
Josh Bell,2 Tms,150,617,22,52,74,0,10.20%,21.70%,0.172,0.287,0.247,0.325,0.419,0.323,0.346,105,-5,-1.4,-15.8,0.4
Jace Peterson,2 Tms,134,430,6,35,37,15,10.90%,23.50%,0.096,0.27,0.211,0.304,0.307,0.275,0.285,74,1.8,-11.6,0.7,0.4
Alex Call,WSN,128,439,8,43,38,9,12.10%,17.80%,0.107,0.23,0.2,0.307,0.307,0.28,0.298,73,0.3,-14.7,3.5,0.4
Nick Loftin,KCR,19,68,0,10,10,2,5.90%,17.60%,0.113,0.392,0.323,0.368,0.435,0.348,0.299,118,0.6,2,-0.6,0.4
Garrett Mitchell,MIL,19,73,3,10,7,1,9.60%,35.60%,0.2,0.351,0.246,0.315,0.446,0.326,0.281,103,0.5,0.8,0.4,0.4
Riley Adams,WSN,44,158,4,8,21,0,7.00%,28.50%,0.203,0.368,0.273,0.331,0.476,0.344,0.281,116,-0.4,2.7,-4.5,0.4
Myles Straw,CLE,147,518,1,52,29,20,8.10%,18.70%,0.058,0.295,0.238,0.301,0.297,0.268,0.275,69,4.2,-15,0.9,0.4
Austin Wells,NYY,19,75,4,8,13,0,4.00%,18.70%,0.257,0.226,0.229,0.257,0.486,0.309,0.367,97,-0.1,-0.3,1.3,0.4
Ryan McKenna,BAL,89,139,2,23,18,5,6.50%,28.80%,0.107,0.354,0.254,0.316,0.361,0.298,0.271,90,0.6,-1,-0.3,0.3
Ronny Mauricio,NYM,26,108,2,11,9,7,6.50%,28.70%,0.099,0.338,0.248,0.296,0.347,0.284,0.287,80,2.1,-0.6,0.4,0.3
Garrett Cooper,2 Tms,123,457,17,42,61,0,6.80%,28.90%,0.168,0.324,0.251,0.304,0.419,0.313,0.318,96,-4.1,-6.4,-5.7,0.3
Reese McGuire,BOS,72,206,1,15,16,2,5.30%,25.70%,0.091,0.366,0.267,0.31,0.358,0.293,0.238,78,-2.1,-7.5,3.9,0.3
Sam Haggerty,SEA,52,108,1,13,5,10,13.90%,15.70%,0.088,0.301,0.253,0.364,0.341,0.321,0.322,108,3,4,-4.6,0.3
Oneil Cruz,PIT,9,40,1,7,4,3,17.50%,20.00%,0.125,0.292,0.25,0.375,0.375,0.335,0.324,109,1.2,1.6,0.1,0.3
Matt Thaiss,LAA,95,307,9,32,31,2,11.70%,27.00%,0.126,0.272,0.214,0.319,0.34,0.295,0.329,84,-1.2,-7.2,-0.2,0.3
Paul DeJong,3 Tms,112,400,14,41,38,4,5.30%,30.30%,0.148,0.264,0.207,0.258,0.355,0.266,0.278,66,-3.8,-20.4,9.8,0.3
Jordan Luplow,2 Tms,39,90,2,11,5,2,13.30%,30.00%,0.117,0.292,0.208,0.322,0.325,0.29,0.271,83,1.4,-0.4,0.3,0.3
Greg Allen,NYY,22,28,1,6,1,3,7.10%,35.70%,0.261,0.333,0.217,0.333,0.478,0.349,0.2,125,0.6,1.5,0.5,0.3
Jonny DeLuca,LAD,24,45,2,5,6,1,6.70%,17.80%,0.167,0.281,0.262,0.311,0.429,0.32,0.272,102,0.4,0.5,0.9,0.3
Emmanuel Rivera,ARI,86,283,4,32,29,1,7.80%,19.80%,0.097,0.313,0.261,0.314,0.358,0.295,0.307,83,-1.5,-7.4,0.7,0.3
Adam Frazier,BAL,141,455,13,59,60,11,7.00%,14.90%,0.155,0.258,0.24,0.3,0.396,0.302,0.301,93,2.1,-1.7,-10.9,0.3
Xavier Edwards,MIA,30,84,0,12,3,5,3.60%,16.70%,0.038,0.359,0.295,0.329,0.333,0.295,0.269,82,1.8,0,-0.1,0.3
Miles Mastrobuoni,CHC,61,149,1,24,5,13,8.70%,21.50%,0.06,0.31,0.241,0.308,0.301,0.275,0.302,71,3.6,-1.8,-0.5,0.3
Enmanuel Valdez,BOS,49,149,6,17,19,5,5.40%,24.80%,0.187,0.323,0.266,0.311,0.453,0.328,0.301,102,0.2,0.6,-3,0.3
Jasson Domínguez,NYY,8,33,4,6,7,1,6.10%,24.20%,0.419,0.211,0.258,0.303,0.677,0.403,0.364,162,0.3,2.7,-1.2,0.3
Andrew Vaughn,CHW,152,615,21,67,80,0,5.90%,21.00%,0.171,0.299,0.258,0.314,0.429,0.321,0.317,103,-6.1,-4,-14.3,0.3
Michael Perez,NYM,3,8,0,1,0,0,0.00%,12.50%,0.125,0.571,0.5,0.5,0.625,0.486,0.366,216,0.1,1.2,1,0.2
Corey Julks,HOU,93,323,6,35,33,15,6.80%,23.20%,0.107,0.306,0.245,0.297,0.352,0.286,0.294,80,0.7,-7,-1.4,0.2
Logan O'Hoppe,LAA,51,199,14,23,29,0,7.00%,24.10%,0.264,0.24,0.236,0.296,0.5,0.337,0.352,113,-1.6,1.4,-5.7,0.2
Trevor Story,BOS,43,168,3,12,14,10,5.40%,32.70%,0.114,0.29,0.203,0.25,0.316,0.249,0.266,48,0.5,-10.1,6.8,0.2
Grae Kessinger,HOU,26,45,1,3,1,0,11.10%,26.70%,0.125,0.259,0.2,0.289,0.325,0.275,0.308,73,-0.6,-2.1,3,0.2
Seby Zavala,2 Tms,73,193,7,17,18,1,6.20%,36.30%,0.143,0.23,0.171,0.23,0.314,0.239,0.25,45,-1.3,-13.9,9.8,0.2
Michael Stefanic,LAA,25,71,0,5,6,0,11.30%,11.30%,0.065,0.333,0.29,0.38,0.355,0.332,0.298,109,-0.1,0.7,-0.7,0.2
Yu Chang,BOS,39,112,6,12,18,4,2.70%,30.40%,0.19,0.169,0.162,0.2,0.352,0.236,0.264,39,1.6,-6.6,5.2,0.2
Jo Adell,LAA,17,62,3,7,6,1,6.50%,40.30%,0.241,0.3,0.207,0.258,0.448,0.299,0.24,86,0.4,-0.6,0.8,0.2
Luke Maile,CIN,78,199,6,17,25,2,7.00%,24.60%,0.156,0.29,0.235,0.308,0.391,0.307,0.32,86,-3,-6.5,2,0.2
Jordan Walker,STL,117,465,16,51,51,7,8.00%,22.40%,0.169,0.331,0.276,0.342,0.445,0.341,0.333,116,-1.2,8.1,-21.7,0.2
Jake Marisnick,3 Tms,46,83,2,10,10,2,3.60%,25.30%,0.171,0.296,0.237,0.28,0.408,0.294,0.281,85,-0.9,-2.4,1.8,0.2
Michael Brantley,HOU,15,57,2,7,7,0,3.50%,3.50%,0.148,0.255,0.278,0.298,0.426,0.309,0.283,96,-0.1,-0.4,0.5,0.2
Estevan Florial,NYY,19,71,0,5,8,3,9.90%,28.20%,0.082,0.333,0.23,0.324,0.311,0.288,0.305,83,0.8,-0.7,0.4,0.2
Tyler Fitzgerald,SFG,10,34,2,3,5,2,5.90%,29.40%,0.25,0.25,0.219,0.265,0.469,0.31,0.218,97,0.5,0.3,0.5,0.2
Abraham Toro,MIL,9,21,2,4,9,0,9.50%,23.80%,0.333,0.545,0.444,0.524,0.778,0.544,0.462,250,-0.6,3.3,-2.1,0.2
Curtis Mead,TBR,24,92,1,12,5,0,7.60%,22.80%,0.096,0.328,0.253,0.326,0.349,0.302,0.278,95,-1,-1.6,0.4,0.2
Amed Rosario,2 Tms,142,545,6,70,58,15,5.30%,18.20%,0.116,0.314,0.263,0.305,0.378,0.297,0.303,88,-2,-9.6,-7,0.2
Nick Fortes,MIA,108,323,6,33,26,4,5.30%,18.30%,0.095,0.234,0.204,0.263,0.299,0.251,0.271,53,-1.5,-20.4,11.3,0.2
Drew Millas,WSN,11,33,1,1,6,0,12.10%,15.20%,0.179,0.318,0.286,0.375,0.464,0.365,0.361,130,-0.4,0.8,-0.1,0.2
Rob Refsnyder,BOS,89,243,1,31,28,7,13.60%,19.30%,0.069,0.316,0.248,0.365,0.317,0.314,0.341,93,-1.4,-3.5,-2.9,0.2
Tyler Freeman,CLE,64,168,4,20,18,5,6.00%,17.90%,0.124,0.275,0.242,0.295,0.366,0.29,0.314,84,1.5,-1.7,-2.2,0.2
Brice Turang,MIL,137,448,6,46,34,26,8.50%,21.00%,0.082,0.268,0.218,0.285,0.3,0.262,0.275,60,3.9,-18.1,4.7,0.2
Tucker Barnhart,CHC,47,123,1,6,9,1,9.80%,34.10%,0.055,0.313,0.202,0.285,0.257,0.25,0.235,53,-1.3,-8.4,6,0.2
Anthony Rendon,LAA,43,183,2,23,22,2,13.70%,14.80%,0.081,0.268,0.236,0.361,0.318,0.312,0.357,95,-0.2,-1.3,-3.2,0.2
Tristan Gray,TBR,2,5,1,1,1,0,0.00%,0.00%,0.6,0.25,0.4,0.4,1,0.577,0.705,286,0,1.1,0.4,0.2
Zach Remillard,CHW,54,160,1,16,18,4,5.00%,30.00%,0.068,0.367,0.252,0.295,0.32,0.27,0.218,67,1.9,-4.3,0.5,0.2
Spencer Horwitz,TOR,15,44,1,5,7,0,9.10%,27.30%,0.128,0.346,0.256,0.341,0.385,0.322,0.291,106,0,0.3,-0.2,0.2
Dylan Carlson,STL,76,255,5,27,27,3,10.20%,19.20%,0.114,0.256,0.219,0.318,0.333,0.293,0.32,84,0.1,-5,-2.1,0.2
Chad Wallach,LAA,65,172,7,18,15,0,7.60%,33.10%,0.178,0.258,0.197,0.259,0.376,0.275,0.289,70,-0.9,-7.1,2.9,0.2
Bryan De La Cruz,MIA,153,626,19,60,78,4,6.40%,22.70%,0.154,0.307,0.257,0.304,0.411,0.309,0.33,92,-2.7,-9.2,-10.6,0.2
Marco Luciano,SFG,14,45,0,4,0,1,13.30%,37.80%,0.077,0.409,0.231,0.333,0.308,0.293,0.283,86,0.3,-0.5,0.5,0.2
Isiah Kiner-Falefa,NYY,115,361,6,39,37,14,7.80%,19.40%,0.098,0.289,0.242,0.306,0.34,0.286,0.292,82,-2.6,-10.5,-0.2,0.2
Weston Wilson,PHI,8,22,1,5,2,3,27.30%,22.70%,0.188,0.4,0.313,0.5,0.5,0.441,0.423,180,0.3,2.5,-1.7,0.2
Eguy Rosario,SDP,11,37,2,6,6,0,2.70%,32.40%,0.25,0.318,0.25,0.27,0.5,0.322,0.243,106,-0.2,0.1,0.2,0.2
Drew Ellis,PHI,12,29,2,4,4,0,20.70%,24.10%,0.261,0.214,0.217,0.379,0.478,0.373,0.367,135,-0.5,0.8,-0.2,0.2
Daniel Vogelbach,NYM,104,319,13,33,48,0,13.20%,25.40%,0.171,0.282,0.233,0.339,0.404,0.327,0.323,109,-3.7,-0.2,-9.2,0.1
Jonathan Aranda,TBR,34,103,2,13,13,0,12.60%,30.10%,0.138,0.327,0.23,0.34,0.368,0.312,0.279,102,0.1,0.3,-2.4,0.1
Miguel Vargas,LAD,81,304,7,36,32,3,12.50%,20.10%,0.172,0.224,0.195,0.305,0.367,0.295,0.305,85,0.5,-5.1,-3.8,0.1
Michael Chavis,WSN,48,96,2,16,5,1,5.20%,34.40%,0.099,0.357,0.242,0.281,0.341,0.273,0.258,68,0.7,-3.1,1.2,0.1
Luis García,WSN,122,482,9,61,50,9,5.60%,12.40%,0.119,0.286,0.266,0.304,0.385,0.297,0.309,84,-2.6,-12.3,-2.7,0.1
Miguel Andujar,PIT,30,90,4,9,18,2,6.70%,14.40%,0.226,0.254,0.25,0.3,0.476,0.33,0.322,105,0.5,1,-2.7,0.1
Tyler Wade,OAK,26,55,0,8,2,4,7.30%,23.60%,0.059,0.342,0.255,0.309,0.314,0.278,0.251,79,0.6,-0.8,0.3,0.1
Zack Collins,CLE,2,6,0,0,0,0,33.30%,33.30%,0,1,0.5,0.667,0.5,0.526,0.528,248,0,1,0.1,0.1
Sam Huff,TEX,21,45,3,5,6,0,4.40%,37.80%,0.256,0.348,0.256,0.289,0.512,0.337,0.318,113,0.1,0.8,-1,0.1
José Azocar,SDP,55,102,2,16,9,8,3.90%,23.50%,0.132,0.292,0.231,0.278,0.363,0.28,0.307,78,1.5,-1.2,-0.9,0.1
Jake McCarthy,ARI,99,312,2,37,16,26,8.30%,19.90%,0.083,0.305,0.243,0.318,0.326,0.289,0.293,79,4.1,-4.2,-5.1,0.1
JJ Bleday,OAK,82,303,10,35,27,5,13.90%,23.80%,0.16,0.226,0.195,0.31,0.355,0.297,0.301,92,1,-2.1,-6.9,0.1
Ildemaro Vargas,WSN,86,286,4,32,31,1,6.60%,7.00%,0.111,0.259,0.252,0.304,0.363,0.292,0.299,81,-2.7,-9.6,1.1,0.1
Santiago Espinal,TOR,93,254,2,30,25,2,7.10%,14.20%,0.087,0.285,0.248,0.31,0.335,0.285,0.29,80,0.4,-5.6,-1.8,0.1
Dominic Smith,WSN,153,586,12,57,46,1,8.00%,15.50%,0.112,0.286,0.254,0.326,0.366,0.306,0.322,90,-3.9,-11.1,-7.7,0.1
Nolan Schanuel,LAA,29,132,1,19,6,0,15.20%,14.40%,0.055,0.326,0.275,0.402,0.33,0.336,0.351,112,-0.4,1.6,-4.9,0.1
Jonathan Davis,MIA,34,104,2,22,10,1,6.70%,27.90%,0.133,0.328,0.244,0.307,0.378,0.298,0.296,85,0.5,-1.5,-0.9,0.1
Kevin Pillar,ATL,81,206,9,29,32,4,2.90%,24.30%,0.188,0.255,0.228,0.248,0.416,0.28,0.296,71,1.1,-6.2,0.3,0.1
Tony Kemp,OAK,124,419,5,42,27,15,10.50%,9.50%,0.095,0.221,0.209,0.303,0.304,0.276,0.297,77,-1.1,-12.8,-0.4,0.1
Ben Rortvedt,NYY,32,79,2,6,4,0,13.90%,24.10%,0.103,0.128,0.118,0.241,0.221,0.219,0.266,35,0.1,-6.1,4.4,0.1
David Peralta,LAD,133,422,7,47,55,4,4.70%,17.10%,0.122,0.296,0.259,0.294,0.381,0.29,0.31,82,-4.1,-13.4,0,0.1
Dalton Guthrie,PHI,23,28,0,4,0,0,10.70%,25.00%,0.042,0.235,0.167,0.286,0.208,0.239,0.281,45,0.4,-1.5,1.4,0.1
Evan Longoria,ARI,74,237,11,25,28,0,9.70%,30.80%,0.199,0.277,0.223,0.295,0.422,0.308,0.324,92,-2.5,-5,-2.2,0.1
Cody Thomas,OAK,19,46,1,1,2,0,8.70%,37.00%,0.143,0.375,0.238,0.304,0.381,0.3,0.21,94,-0.7,-1,0.2,0.1
Jeter Downs,WSN,6,9,0,4,1,2,44.40%,11.10%,0,0.5,0.4,0.667,0.4,0.505,0.534,224,0.4,1.7,-1.3,0.1
Carlos Pérez,OAK,68,189,6,17,20,0,6.90%,21.20%,0.131,0.256,0.226,0.293,0.357,0.285,0.31,84,-0.7,-4.5,-1.3,0.1
Cole Tucker,COL,5,10,0,2,2,0,10.00%,20.00%,0,0.667,0.5,0.6,0.5,0.495,0.457,202,0.6,1.8,-1.5,0.1
Logan Porter,KCR,11,38,1,4,3,0,13.20%,28.90%,0.129,0.263,0.194,0.324,0.323,0.297,0.298,83,-1.4,-2.2,1.5,0.1
Junior Caminero,TBR,7,36,1,4,7,0,5.60%,22.20%,0.118,0.28,0.235,0.278,0.353,0.276,0.275,77,-0.2,-1.2,0.6,0.1
Alejo Lopez,CIN,1,2,0,1,1,0,0.00%,50.00%,0.5,1,0.5,0.5,1,0.622,0.447,297,0.2,0.7,-0.1,0.1
Kody Clemens,PHI,49,148,4,15,13,0,5.40%,27.00%,0.137,0.295,0.23,0.277,0.367,0.281,0.27,73,0.6,-4.4,0,0.1
Carson Kelly,2 Tms,52,151,2,13,13,1,9.30%,26.50%,0.081,0.274,0.206,0.278,0.287,0.255,0.241,56,0.5,-7.5,3,0.1
Raimel Tapia,3 Tms,64,169,3,28,13,10,10.10%,23.70%,0.101,0.302,0.236,0.317,0.338,0.293,0.302,80,2.4,-1.7,-3.4,0.1
Heston Kjerstad,BAL,13,33,2,3,3,0,6.10%,30.30%,0.233,0.278,0.233,0.281,0.467,0.318,0.364,104,0,0.1,-0.7,0.1
Ceddanne Rafaela,BOS,28,89,2,11,5,3,4.50%,31.50%,0.145,0.333,0.241,0.281,0.386,0.287,0.239,74,0,-2.7,0.3,0.1
Bryce Johnson,SFG,30,48,1,7,3,3,8.30%,31.30%,0.093,0.214,0.163,0.229,0.256,0.218,0.243,35,1.8,-2,0.9,0.1
Charlie Culberson,ATL,1,1,0,0,0,0,0.00%,0.00%,0,1,1,1,1,0.883,0.059,475,0,0.5,0,0
Vinnie Pasquantino,KCR,61,260,9,24,26,0,9.60%,11.90%,0.19,0.25,0.247,0.324,0.437,0.327,0.35,103,-2.7,-1.7,-6.7,0
Joey Votto,CIN,65,242,14,26,38,0,11.20%,25.60%,0.231,0.212,0.202,0.314,0.433,0.326,0.304,98,-0.6,-1.1,-6.7,0
Andrew Stevenson,MIN,25,40,0,4,1,4,5.00%,20.00%,0.027,0.241,0.189,0.25,0.216,0.216,0.202,32,0.5,-2.7,1.7,0
Conner Capel,OAK,32,86,0,6,3,5,14.00%,29.10%,0.068,0.396,0.26,0.372,0.329,0.322,0.299,109,-0.7,0.2,-2.8,0
Drew Maggi,PIT,3,6,0,1,1,0,0.00%,16.70%,0.167,0.4,0.333,0.333,0.5,0.354,0.409,121,0,0.2,0,0
Nathan Lukes,TOR,29,31,0,4,2,0,12.90%,29.00%,0.115,0.278,0.192,0.29,0.308,0.266,0.276,67,0.4,-0.8,0,0
Alfonso Rivas,2 Tms,48,123,3,8,15,1,7.30%,29.30%,0.193,0.31,0.229,0.303,0.422,0.313,0.284,94,-0.5,-1.3,-2.6,0